{
	"imageBase64": "",
	"saveDataArray": [
		{
			"id": "None",
			"position":
			{
				"x": 12997.856247,
				"y": 747.05166399999996,
				"z": 241.520804
			},
			"rotation":
			{
				"pitch": 0,
				"yaw": 180,
				"roll": 0
			},
			"size":
			{
				"x": 12,
				"y": 20,
				"z": 5
			}
		},
		{
			"id": "1001",
			"position":
			{
				"x": -1578.7557215969553,
				"y": 524.52297091255912,
				"z": 88.74787831533061
			},
			"rotation":
			{
				"pitch": 0,
				"yaw": 0,
				"roll": 0
			},
			"size":
			{
				"x": 1,
				"y": 1,
				"z": 1
			}
		}
	]
}