{
	"saveDataArray": [
		{
			"id": "None",
			"position":
			{
				"x": 12997.856247435067,
				"y": 747.05166433129705,
				"z": 241.52080371697656
			},
			"rotation":
			{
				"pitch": 0,
				"yaw": 179.99999860565399,
				"roll": 0
			},
			"size":
			{
				"x": 12,
				"y": 20,
				"z": 5
			}
		},
		{
			"id": "1001",
			"position":
			{
				"x": -300,
				"y": -100,
				"z": -100
			},
			"rotation":
			{
				"pitch": 0,
				"yaw": 0,
				"roll": 0
			},
			"size":
			{
				"x": 1,
				"y": 1,
				"z": 1
			}
		}
	]
}